Date,Region,Salesperson,Product,Units Sold,Unit Price,Total Sales
2024-04-12,East,Alice,Laptop,15,970.69,14560.35
2024-12-14,South,Diana,Keyboard,16,1144.51,18312.16
2024-09-27,North,Bob,Smartphone,5,297.19,1485.95
2024-04-16,West,Fiona,Laptop,6,643.74,3862.44
2024-03-12,West,Bob,Monitor,19,662.9,12595.1
2024-07-07,West,Alice,Laptop,5,1241.62,6208.099999999999
2024-01-21,East,Fiona,Keyboard,3,51.79,155.37
2024-04-12,West,Bob,Smartphone,1,486.24,486.24
2024-05-01,West,Ethan,Headphones,6,1472.79,8836.74
2024-08-02,West,Charlie,Mouse,15,738.59,11078.85
2024-11-26,South,Alice,Monitor,2,604.66,1209.32
2024-03-28,East,Bob,Smartphone,3,223.75,671.25
2024-04-09,West,Alice,Keyboard,17,1462.54,24863.18
2024-12-25,North,Alice,Monitor,12,79.04,948.48
2024-05-31,North,Fiona,Tablet,18,1118.91,20140.38
2024-05-10,North,Fiona,Laptop,15,1164.47,17467.05
2024-05-29,East,Charlie,Mouse,12,403.3,4839.6
2024-11-04,East,Ethan,Keyboard,16,1023.76,16380.16
2024-09-14,North,Alice,Tablet,8,184.75,1478.0
2024-12-09,West,Bob,Smartphone,14,422.72,5918.08
2024-10-20,East,Diana,Headphones,17,1192.46,20271.82
2024-07-10,North,Alice,Monitor,8,1303.79,10430.32
2024-10-03,North,Alice,Laptop,15,932.31,13984.65
2024-06-09,West,Charlie,Monitor,14,784.92,10988.88
2024-11-09,South,Ethan,Mouse,18,280.99,5057.82
2024-01-22,East,Diana,Smartphone,7,141.51,990.5699999999999
2024-09-09,West,Fiona,Monitor,3,220.59,661.77
2024-08-23,North,Fiona,Laptop,12,379.67,4556.04
2024-12-10,North,Bob,Smartphone,3,545.43,1636.29
2024-02-18,West,Diana,Monitor,14,602.32,8432.480000000001
2024-02-28,East,Fiona,Headphones,15,552.17,8282.55
2024-06-18,South,Bob,Keyboard,14,396.63,5552.82
2024-07-06,South,Ethan,Smartphone,7,789.1,5523.7
2024-09-27,North,Bob,Keyboard,17,1246.66,21193.22
2024-07-08,East,Fiona,Smartphone,12,455.57,5466.84
2024-06-23,South,Charlie,Headphones,4,1416.46,5665.84
2024-02-20,East,Charlie,Keyboard,9,1316.34,11847.06
2024-12-29,East,Charlie,Tablet,6,284.56,1707.3600000000001
2024-02-24,North,Fiona,Laptop,16,1190.1,19041.6
2024-08-31,South,Charlie,Tablet,2,883.15,1766.3
2024-11-15,West,Diana,Monitor,8,871.53,6972.24
2024-05-10,North,Ethan,Headphones,11,617.01,6787.11
2024-11-02,South,Bob,Tablet,13,776.67,10096.71
2024-05-14,South,Bob,Smartphone,17,625.91,10640.47
2024-01-21,South,Fiona,Monitor,8,832.61,6660.88
2024-11-24,South,Charlie,Monitor,18,960.53,17289.54
2024-06-15,South,Charlie,Tablet,18,1027.74,18499.32
2024-09-30,East,Alice,Tablet,14,822.1,11509.4
2024-03-29,North,Ethan,Headphones,15,1096.06,16440.899999999998
2024-11-11,East,Diana,Laptop,6,254.85,1529.1
2024-01-14,West,Bob,Tablet,11,357.37,3931.07
2024-08-29,South,Alice,Mouse,13,1237.17,16083.210000000001
2024-09-21,North,Alice,Tablet,1,517.67,517.67
2024-12-11,South,Fiona,Keyboard,6,83.2,499.20000000000005
2024-02-22,North,Bob,Smartphone,9,273.0,2457.0
2024-12-05,East,Fiona,Mouse,8,374.24,2993.92
2024-04-01,North,Diana,Mouse,11,1438.12,15819.32
2024-09-20,West,Alice,Keyboard,19,880.91,16737.29
2024-02-04,West,Alice,Keyboard,9,1402.46,12622.14
2024-07-24,North,Ethan,Monitor,17,883.99,15027.83
2024-03-21,North,Diana,Laptop,12,745.06,8940.72
2024-02-19,North,Alice,Smartphone,14,504.91,7068.740000000001
2024-12-25,North,Diana,Headphones,15,929.24,13938.6
2024-01-02,West,Bob,Mouse,16,251.84,4029.44
2024-02-23,South,Charlie,Headphones,1,1352.48,1352.48
2024-04-15,North,Alice,Tablet,10,1252.53,12525.3
2024-09-16,North,Ethan,Tablet,8,510.42,4083.36
2024-11-05,West,Bob,Headphones,18,1431.56,25768.079999999998
2024-07-09,West,Diana,Tablet,1,1246.54,1246.54
2024-08-05,East,Fiona,Laptop,2,1016.14,2032.28
2024-02-13,North,Bob,Keyboard,1,226.55,226.55
2024-06-10,East,Alice,Tablet,1,743.44,743.44
2024-07-20,West,Diana,Monitor,9,783.86,7054.74
2024-09-26,West,Charlie,Tablet,13,387.2,5033.599999999999
2024-12-16,South,Bob,Smartphone,1,165.95,165.95
2024-10-30,North,Alice,Laptop,13,1176.25,15291.25
2024-09-27,East,Ethan,Smartphone,7,226.95,1588.6499999999999
2024-08-02,West,Fiona,Smartphone,2,911.72,1823.44
2024-09-08,West,Diana,Monitor,6,1407.85,8447.099999999999
2024-07-08,East,Bob,Laptop,7,1320.35,9242.449999999999
2024-10-22,South,Bob,Laptop,14,452.74,6338.360000000001
2024-07-31,West,Charlie,Laptop,18,1284.6,23122.8
2024-07-26,North,Charlie,Laptop,15,50.48,757.1999999999999
2024-08-24,West,Ethan,Laptop,2,75.65,151.3
2024-12-03,North,Fiona,Monitor,10,923.7,9237.0
2024-02-22,East,Ethan,Tablet,12,578.96,6947.52
2024-10-06,North,Alice,Smartphone,17,610.37,10376.29
2024-08-04,East,Alice,Laptop,8,868.44,6947.52
2024-09-08,North,Ethan,Mouse,11,328.08,3608.8799999999997
2024-07-06,East,Fiona,Tablet,3,357.05,1071.15
2024-02-10,North,Ethan,Tablet,6,752.67,4516.0199999999995
2024-06-05,South,Fiona,Smartphone,9,1143.67,10293.03
2024-01-15,North,Fiona,Monitor,6,948.27,5689.62
2024-10-27,North,Diana,Headphones,9,481.16,4330.4400000000005
2024-03-05,South,Fiona,Headphones,7,673.99,4717.93
2024-12-10,West,Charlie,Tablet,9,297.46,2677.14
2024-11-22,West,Fiona,Keyboard,18,158.21,2847.78
2024-01-09,North,Fiona,Keyboard,12,1184.91,14218.920000000002
2024-12-09,South,Fiona,Smartphone,8,434.81,3478.48
2024-05-08,North,Alice,Headphones,8,307.76,2462.08
2024-05-15,East,Charlie,Tablet,18,1052.85,18951.3
2024-03-03,East,Charlie,Monitor,15,946.17,14192.55
2024-05-18,North,Ethan,Headphones,7,968.12,6776.84
2024-03-21,West,Diana,Tablet,11,381.9,4200.9
2024-06-11,West,Fiona,Tablet,16,387.34,6197.44
2024-10-15,North,Bob,Laptop,4,370.16,1480.64
2024-09-17,North,Diana,Monitor,6,301.94,1811.6399999999999
2024-08-18,East,Diana,Laptop,3,1000.8,3002.3999999999996
2024-02-10,West,Charlie,Smartphone,9,1279.62,11516.579999999998
2024-01-28,North,Diana,Laptop,10,1100.26,11002.6
2024-05-14,East,Fiona,Mouse,14,1198.54,16779.559999999998
2024-07-19,West,Fiona,Laptop,11,636.96,7006.56
2024-11-23,South,Alice,Mouse,18,998.41,17971.38
2024-09-24,East,Fiona,Headphones,12,563.64,6763.68
2024-02-02,West,Fiona,Keyboard,12,811.98,9743.76
2024-02-17,West,Charlie,Tablet,13,748.37,9728.81
2024-03-02,East,Fiona,Mouse,13,306.49,3984.37
2024-08-03,South,Alice,Monitor,19,611.26,11613.94
2024-10-19,East,Bob,Laptop,19,1447.54,27503.26
2024-04-08,West,Charlie,Mouse,14,410.44,5746.16
2024-06-20,North,Bob,Monitor,4,244.02,976.08
2024-12-25,North,Charlie,Keyboard,13,656.94,8540.220000000001
2024-08-01,East,Ethan,Keyboard,8,1195.99,9567.92
2024-02-04,West,Diana,Laptop,19,894.11,16988.09
2024-08-14,North,Ethan,Smartphone,12,1037.41,12448.920000000002
2024-04-10,West,Fiona,Laptop,18,325.06,5851.08
2024-05-10,East,Bob,Headphones,6,947.47,5684.82
2024-09-13,North,Fiona,Mouse,18,519.08,9343.44
2024-01-05,West,Diana,Tablet,19,1259.74,23935.06
2024-08-05,North,Charlie,Smartphone,5,962.48,4812.4
2024-09-11,East,Diana,Laptop,9,338.34,3045.06
2024-12-24,West,Alice,Monitor,3,143.69,431.07
2024-10-09,North,Diana,Smartphone,10,111.82,1118.1999999999998
2024-07-25,East,Alice,Mouse,19,588.54,11182.259999999998
2024-01-15,North,Diana,Smartphone,3,435.48,1306.44
2024-12-11,North,Alice,Mouse,15,986.83,14802.45
2024-02-11,South,Bob,Laptop,1,774.03,774.03
2024-06-27,South,Fiona,Mouse,7,435.73,3050.11
2024-03-03,East,Fiona,Smartphone,12,266.39,3196.68
2024-12-17,South,Ethan,Monitor,17,234.44,3985.48
2024-08-18,East,Fiona,Keyboard,5,1303.76,6518.8
2024-08-28,South,Charlie,Smartphone,4,403.04,1612.16
2024-02-21,North,Diana,Mouse,12,994.98,11939.76
2024-04-05,East,Ethan,Keyboard,18,1225.49,22058.82
2024-08-09,East,Charlie,Mouse,17,940.42,15987.14
2024-08-18,North,Charlie,Monitor,19,1296.37,24631.03
2024-08-24,East,Alice,Mouse,9,618.97,5570.7300000000005
2024-05-22,East,Fiona,Laptop,4,1436.52,5746.08
2024-06-19,South,Bob,Tablet,2,243.06,486.12
2024-01-29,East,Bob,Smartphone,4,198.12,792.48
2024-02-05,West,Ethan,Tablet,2,1005.1,2010.2
2024-01-13,North,Bob,Mouse,15,1417.11,21256.649999999998
2024-06-08,South,Diana,Monitor,2,1222.88,2445.76
2024-11-22,South,Bob,Smartphone,4,160.8,643.2
2024-07-05,West,Ethan,Mouse,6,455.08,2730.48
2024-08-30,North,Bob,Keyboard,7,1398.96,9792.720000000001
2024-03-26,North,Diana,Headphones,10,416.93,4169.3
2024-10-10,South,Alice,Mouse,19,1182.7,22471.3
2024-03-06,East,Ethan,Tablet,19,1246.44,23682.36
2024-06-18,South,Alice,Smartphone,12,768.41,9220.92
2024-02-14,North,Alice,Tablet,3,610.21,1830.63
2024-03-02,West,Alice,Smartphone,13,702.68,9134.84
2024-05-13,South,Charlie,Mouse,18,379.1,6823.8
2024-10-10,North,Fiona,Laptop,8,1339.62,10716.96
2024-01-28,South,Charlie,Keyboard,15,703.4,10551.0
2024-04-17,East,Fiona,Mouse,1,1329.57,1329.57
2024-02-13,South,Alice,Tablet,3,203.26,609.78
2024-12-05,South,Ethan,Headphones,8,1483.0,11864.0
2024-10-12,North,Fiona,Headphones,4,692.75,2771.0
2024-11-26,North,Diana,Monitor,16,119.35,1909.6
2024-05-07,North,Diana,Smartphone,10,105.13,1051.3
2024-12-13,South,Bob,Tablet,12,1132.0,13584.0
2024-08-18,East,Fiona,Monitor,14,1005.6,14078.4
2024-07-08,West,Ethan,Tablet,14,1213.09,16983.26
2024-08-12,West,Charlie,Smartphone,2,202.78,405.56
2024-10-09,North,Alice,Mouse,5,101.58,507.9
2024-04-30,North,Bob,Mouse,5,787.44,3937.2000000000003
2024-04-25,South,Diana,Headphones,6,612.01,3672.06
2024-08-20,West,Charlie,Mouse,13,719.82,9357.66
2024-09-15,North,Charlie,Mouse,9,1487.8,13390.199999999999
2024-12-24,East,Alice,Laptop,15,1457.59,21863.85
2024-07-16,East,Fiona,Headphones,14,1416.36,19829.039999999997
2024-05-16,North,Diana,Monitor,7,1186.57,8305.99
2024-11-13,North,Ethan,Keyboard,2,564.52,1129.04
2024-06-13,West,Charlie,Laptop,7,647.59,4533.13
2024-08-12,West,Alice,Monitor,6,846.94,5081.64
2024-11-02,South,Ethan,Smartphone,17,1254.27,21322.59
2024-08-21,West,Fiona,Laptop,2,149.63,299.26
2024-06-20,East,Diana,Monitor,3,665.23,1995.69
2024-05-31,East,Fiona,Smartphone,5,169.8,849.0
2024-11-10,North,Charlie,Headphones,5,796.25,3981.25
2024-06-08,West,Ethan,Keyboard,1,1353.41,1353.41
2024-04-05,South,Ethan,Smartphone,8,1184.6,9476.8
2024-08-20,East,Ethan,Mouse,12,380.37,4564.4400000000005
2024-06-28,East,Charlie,Tablet,4,1465.19,5860.76
2024-04-22,South,Charlie,Smartphone,13,1017.66,13229.58
2024-11-13,South,Fiona,Smartphone,15,65.12,976.8000000000001
2024-02-21,East,Bob,Keyboard,11,420.35,4623.85
2024-09-24,East,Fiona,Tablet,10,428.03,4280.299999999999
2024-10-21,South,Diana,Mouse,3,150.42,451.26
2024-04-22,East,Alice,Monitor,14,1441.75,20184.5
2024-04-10,North,Ethan,Monitor,16,743.47,11895.52
2024-04-22,North,Bob,Smartphone,10,1348.93,13489.300000000001
2024-03-21,South,Alice,Tablet,10,517.21,5172.1
2024-07-05,West,Bob,Tablet,12,231.59,2779.08
2024-04-22,South,Fiona,Mouse,9,737.79,6640.11
2024-01-02,South,Charlie,Keyboard,1,215.24,215.24
2024-05-09,West,Ethan,Headphones,5,754.72,3773.6000000000004
2024-08-07,West,Fiona,Monitor,8,1384.43,11075.44
2024-02-23,West,Alice,Keyboard,11,805.11,8856.210000000001
2024-12-08,North,Alice,Laptop,12,943.92,11327.039999999999
2024-08-11,East,Alice,Monitor,1,277.13,277.13
2024-08-12,North,Alice,Keyboard,11,113.42,1247.6200000000001
2024-05-05,East,Alice,Monitor,5,210.67,1053.35
2024-05-09,North,Bob,Headphones,15,917.87,13768.05
2024-02-22,East,Fiona,Laptop,5,187.77,938.85
2024-06-20,North,Ethan,Headphones,12,595.19,7142.280000000001
2024-08-05,West,Charlie,Mouse,5,847.63,4238.15
2024-06-08,South,Charlie,Laptop,17,613.55,10430.349999999999
2024-07-16,North,Fiona,Smartphone,17,287.34,4884.78
2024-09-03,East,Fiona,Keyboard,12,447.0,5364.0
2024-11-19,West,Charlie,Laptop,15,1396.06,20940.899999999998
2024-07-21,North,Charlie,Mouse,15,1030.17,15452.550000000001
2024-07-02,North,Bob,Mouse,6,769.27,4615.62
2024-05-02,West,Diana,Headphones,12,68.44,821.28
2024-09-11,North,Ethan,Monitor,18,1489.0,26802.0
2024-10-20,South,Alice,Laptop,14,1023.61,14330.54
2024-10-06,North,Diana,Keyboard,2,509.54,1019.08
2024-11-20,South,Fiona,Laptop,9,1324.94,11924.460000000001
2024-04-07,South,Charlie,Tablet,5,424.73,2123.65
2024-07-16,West,Diana,Monitor,1,838.82,838.82
2024-08-27,North,Ethan,Keyboard,3,972.3,2916.8999999999996
2024-05-23,West,Fiona,Keyboard,6,370.54,2223.2400000000002
2024-04-06,North,Alice,Smartphone,5,1468.68,7343.400000000001
2024-07-19,North,Alice,Headphones,5,1134.88,5674.400000000001
2024-05-03,East,Ethan,Smartphone,1,858.83,858.83
2024-07-05,North,Ethan,Keyboard,17,311.86,5301.62
2024-11-21,West,Charlie,Monitor,19,128.09,2433.71
2024-12-14,South,Alice,Laptop,14,514.09,7197.26
2024-09-15,North,Fiona,Laptop,12,1142.12,13705.439999999999
2024-05-27,East,Diana,Monitor,10,440.53,4405.299999999999
2024-09-08,West,Fiona,Keyboard,18,832.36,14982.48
2024-12-11,North,Bob,Mouse,11,1105.52,12160.72
2024-05-26,West,Bob,Laptop,2,206.52,413.04
2024-05-27,East,Ethan,Mouse,18,1043.68,18786.24
2024-12-17,East,Charlie,Laptop,7,183.21,1282.47
2024-07-17,West,Bob,Laptop,15,1449.44,21741.600000000002
2024-11-03,North,Alice,Headphones,11,758.17,8339.869999999999
2024-05-07,South,Fiona,Headphones,18,268.48,4832.64
2024-02-08,East,Fiona,Tablet,12,546.46,6557.52
2024-12-03,North,Ethan,Smartphone,6,649.45,3896.7000000000003
2024-12-25,North,Diana,Monitor,13,1149.37,14941.809999999998
2024-05-08,South,Ethan,Monitor,16,1127.96,18047.36
2024-09-23,East,Diana,Monitor,18,937.31,16871.579999999998
2024-05-30,East,Ethan,Tablet,10,203.6,2036.0
2024-10-24,North,Ethan,Headphones,8,269.78,2158.24
2024-04-08,North,Ethan,Keyboard,18,185.95,3347.1
2024-09-19,South,Diana,Mouse,1,886.9,886.9
2024-09-08,South,Diana,Mouse,8,1321.85,10574.8
2024-05-23,East,Ethan,Keyboard,6,679.01,4074.06
2024-12-11,West,Bob,Tablet,5,283.23,1416.15
2024-04-21,East,Charlie,Keyboard,15,859.16,12887.4
2024-02-29,North,Charlie,Monitor,15,1227.04,18405.6
2024-01-02,East,Charlie,Smartphone,2,1125.48,2250.96
2024-10-30,West,Diana,Laptop,1,1328.1,1328.1
2024-09-10,South,Diana,Mouse,11,452.96,4982.5599999999995
2024-05-19,West,Bob,Headphones,10,331.23,3312.3
2024-02-06,West,Charlie,Headphones,18,1325.73,23863.14
2024-06-08,West,Charlie,Tablet,18,1003.46,18062.28
2024-01-09,South,Ethan,Headphones,17,500.85,8514.45
2024-08-20,West,Diana,Monitor,8,1126.4,9011.2
2024-04-08,West,Charlie,Mouse,15,1231.92,18478.800000000003
2024-05-26,West,Fiona,Keyboard,8,941.72,7533.76
2024-10-30,North,Bob,Monitor,17,1047.43,17806.31
2024-07-26,West,Fiona,Tablet,12,594.13,7129.5599999999995
2024-05-10,South,Fiona,Monitor,8,831.11,6648.88
2024-05-31,West,Bob,Keyboard,14,810.03,11340.42
2024-02-23,West,Fiona,Smartphone,4,1279.67,5118.68
2024-04-29,South,Charlie,Tablet,1,1267.95,1267.95
2024-06-09,West,Diana,Smartphone,1,1257.39,1257.39
2024-04-25,South,Bob,Laptop,19,66.0,1254.0
2024-03-15,West,Ethan,Smartphone,16,1136.84,18189.44
2024-04-22,South,Fiona,Laptop,14,1150.08,16101.119999999999
2024-04-13,West,Bob,Laptop,16,1033.65,16538.4
2024-12-05,West,Alice,Smartphone,5,1146.58,5732.9
2024-09-10,North,Alice,Tablet,9,1270.86,11437.74
2024-08-14,North,Diana,Keyboard,2,731.96,1463.92
2024-04-21,West,Charlie,Monitor,18,777.97,14003.460000000001
2024-04-08,West,Diana,Monitor,6,230.84,1385.04
2024-06-01,East,Diana,Keyboard,9,608.8,5479.2
2024-12-14,South,Diana,Mouse,1,982.88,982.88
2024-12-03,East,Diana,Mouse,9,1181.58,10634.22
2024-07-12,North,Ethan,Laptop,16,364.95,5839.2
2024-11-05,North,Ethan,Laptop,13,249.84,3247.92
2024-06-11,North,Bob,Tablet,9,1011.41,9102.69
2024-07-26,North,Alice,Headphones,13,52.73,685.49
2024-06-17,West,Diana,Smartphone,9,308.64,2777.7599999999998
2024-06-09,North,Bob,Laptop,11,92.15,1013.6500000000001
2024-03-08,West,Alice,Monitor,4,291.98,1167.92
2024-10-15,West,Fiona,Tablet,2,312.91,625.82
2024-10-03,North,Charlie,Smartphone,6,612.13,3672.7799999999997
2024-10-30,North,Ethan,Tablet,14,633.37,8867.18
2024-05-14,South,Fiona,Smartphone,4,1317.68,5270.72
2024-07-13,East,Alice,Smartphone,6,789.66,4737.96
2024-05-07,North,Fiona,Keyboard,19,1098.94,20879.86
2024-02-02,South,Charlie,Laptop,6,201.0,1206.0
2024-06-24,South,Alice,Tablet,2,376.89,753.78
2024-01-22,East,Fiona,Tablet,18,1069.27,19246.86
2024-08-25,West,Ethan,Keyboard,13,126.57,1645.4099999999999
2024-06-06,North,Ethan,Monitor,9,755.57,6800.13
2024-02-07,East,Bob,Monitor,19,919.09,17462.71
2024-08-17,North,Fiona,Mouse,13,923.11,12000.43
2024-12-30,South,Diana,Laptop,11,83.25,915.75
2024-02-20,South,Fiona,Laptop,1,517.06,517.06
2024-09-20,West,Alice,Headphones,7,972.91,6810.37
2024-10-09,South,Alice,Keyboard,15,266.05,3990.75
2024-01-27,South,Fiona,Monitor,1,1058.35,1058.35
2024-08-13,East,Charlie,Smartphone,12,1131.59,13579.079999999998
2024-10-03,North,Ethan,Tablet,7,1473.86,10317.019999999999
2024-10-12,North,Alice,Laptop,15,354.27,5314.049999999999
2024-04-06,East,Ethan,Tablet,19,1246.44,23682.36
2024-10-10,West,Alice,Tablet,1,804.43,804.43
2024-11-12,North,Bob,Headphones,17,591.52,10055.84
2024-10-30,South,Diana,Monitor,17,227.45,3866.6499999999996
2024-05-26,North,Alice,Laptop,3,1116.48,3349.44
2024-01-04,South,Ethan,Tablet,12,391.99,4703.88
2024-02-04,West,Bob,Laptop,6,588.56,3531.3599999999997
2024-07-10,East,Alice,Smartphone,11,140.69,1547.59
2024-02-18,North,Charlie,Headphones,3,1211.98,3635.94
2024-01-17,East,Diana,Smartphone,8,1161.55,9292.4
2024-06-20,North,Alice,Laptop,14,1113.74,15592.36
2024-08-07,South,Bob,Mouse,14,484.19,6778.66
2024-06-06,East,Charlie,Laptop,10,301.55,3015.5
2024-02-15,North,Fiona,Monitor,2,974.45,1948.9
2024-01-06,South,Bob,Tablet,14,769.44,10772.16
2024-04-08,East,Bob,Tablet,9,308.47,2776.2300000000005
2024-08-20,East,Charlie,Smartphone,3,1044.57,3133.71
2024-02-06,North,Bob,Headphones,8,1487.13,11897.04
2024-10-06,North,Charlie,Mouse,16,1133.47,18135.52
2024-12-14,North,Alice,Keyboard,2,1122.98,2245.96
2024-10-28,South,Charlie,Tablet,6,1427.95,8567.7
2024-06-29,North,Charlie,Monitor,12,344.26,4131.12
2024-04-04,East,Diana,Smartphone,5,870.05,4350.25
2024-04-08,East,Charlie,Smartphone,2,1470.49,2940.98
2024-07-06,North,Charlie,Keyboard,16,289.68,4634.88
2024-04-25,North,Fiona,Monitor,5,1065.37,5326.849999999999
2024-07-09,West,Alice,Headphones,15,899.42,13491.3
2024-09-09,East,Diana,Monitor,12,900.39,10804.68
2024-06-09,South,Fiona,Headphones,4,1061.62,4246.48
2024-09-12,West,Ethan,Monitor,15,1397.94,20969.100000000002
2024-11-18,North,Alice,Monitor,11,1184.74,13032.14
2024-05-07,North,Alice,Laptop,16,131.4,2102.4
2024-01-18,East,Ethan,Smartphone,6,1286.46,7718.76
2024-10-07,North,Charlie,Monitor,14,377.03,5278.42
2024-08-10,South,Fiona,Keyboard,18,596.53,10737.539999999999
2024-02-23,East,Bob,Monitor,12,719.51,8634.119999999999
2024-02-27,North,Diana,Tablet,11,747.31,8220.41
2024-11-18,East,Bob,Smartphone,13,681.01,8853.13
2024-12-25,North,Ethan,Tablet,11,1409.16,15500.76
2024-06-22,North,Alice,Smartphone,16,1073.73,17179.68
2024-10-06,North,Alice,Tablet,15,965.2,14478.0
2024-04-23,South,Diana,Monitor,15,122.27,1834.05
2024-10-14,South,Alice,Monitor,4,1360.67,5442.68
2024-12-07,East,Alice,Laptop,11,1368.62,15054.82
2024-05-30,North,Diana,Keyboard,19,1181.31,22444.89
2024-05-06,North,Fiona,Tablet,15,60.19,902.8499999999999
2024-06-03,South,Fiona,Headphones,4,133.06,532.24
2024-09-29,North,Diana,Laptop,13,376.57,4895.41
2024-04-13,South,Ethan,Tablet,19,240.46,4568.74
2024-10-25,North,Alice,Tablet,2,628.31,1256.62
2024-09-02,East,Alice,Laptop,14,1387.8,19429.2
2024-06-24,North,Ethan,Monitor,4,734.49,2937.96
2024-02-08,North,Fiona,Tablet,16,69.43,1110.88
2024-06-18,West,Charlie,Monitor,14,459.98,6439.72
2024-09-03,South,Charlie,Laptop,15,114.66,1719.8999999999999
2024-01-26,North,Charlie,Monitor,3,102.62,307.86
2024-12-20,North,Fiona,Smartphone,8,449.79,3598.32
2024-11-01,West,Fiona,Headphones,16,449.64,7194.24
2024-01-13,West,Ethan,Mouse,10,1191.33,11913.3
2024-11-11,South,Alice,Tablet,4,1463.51,5854.04
2024-11-08,West,Ethan,Keyboard,18,588.25,10588.5
2024-02-05,East,Ethan,Headphones,2,671.89,1343.78
2024-06-21,West,Fiona,Mouse,17,1274.94,21673.98
2024-01-20,East,Charlie,Monitor,13,438.8,5704.400000000001
2024-11-16,South,Bob,Tablet,4,276.75,1107.0
2024-09-20,South,Alice,Monitor,11,1286.98,14156.78
2024-05-21,South,Fiona,Smartphone,7,117.43,822.01
2024-05-22,South,Charlie,Laptop,12,948.56,11382.72
2024-04-01,South,Bob,Tablet,10,864.89,8648.9
2024-12-19,East,Bob,Mouse,7,551.58,3861.0600000000004
2024-11-17,East,Fiona,Mouse,13,507.02,6591.26
2024-10-14,South,Diana,Smartphone,7,1169.19,8184.33
2024-08-02,West,Alice,Smartphone,17,175.32,2980.44
2024-12-07,North,Bob,Tablet,10,393.34,3933.3999999999996
2024-02-20,South,Fiona,Monitor,10,1112.05,11120.5
2024-06-01,West,Fiona,Keyboard,4,845.06,3380.24
2024-07-04,North,Charlie,Mouse,4,235.58,942.32
2024-03-03,South,Diana,Mouse,7,1329.1,9303.699999999999
2024-07-08,South,Alice,Smartphone,1,620.5,620.5
2024-05-04,East,Ethan,Headphones,12,1250.41,15004.920000000002
2024-05-29,North,Charlie,Smartphone,13,1192.18,15498.34
2024-11-09,North,Bob,Keyboard,10,955.42,9554.199999999999
2024-02-27,West,Bob,Monitor,15,767.0,11505.0
2024-12-07,East,Charlie,Monitor,13,1470.35,19114.55
2024-10-31,East,Fiona,Headphones,9,260.2,2341.7999999999997
2024-06-28,East,Bob,Mouse,9,1101.48,9913.32
2024-06-18,East,Diana,Smartphone,15,327.23,4908.450000000001
2024-11-21,North,Alice,Monitor,10,540.48,5404.8
2024-09-27,North,Diana,Keyboard,10,497.61,4976.1
2024-02-23,South,Bob,Tablet,8,1423.2,11385.6
2024-04-10,South,Ethan,Laptop,16,1452.67,23242.72
2024-09-20,East,Alice,Laptop,17,315.37,5361.29
2024-02-22,East,Alice,Laptop,5,81.95,409.75
2024-02-29,East,Charlie,Mouse,4,1094.01,4376.04
2024-04-17,South,Charlie,Smartphone,18,656.09,11809.62
2024-01-05,West,Ethan,Headphones,19,178.82,3397.58
2024-04-12,West,Fiona,Monitor,4,1041.44,4165.76
2024-07-14,South,Alice,Tablet,7,840.4,5882.8
2024-09-18,South,Ethan,Keyboard,10,1471.75,14717.5
2024-12-30,South,Charlie,Tablet,18,379.74,6835.32
2024-12-15,South,Charlie,Keyboard,19,635.77,12079.63
2024-02-16,South,Alice,Mouse,4,836.69,3346.76
2024-12-20,South,Diana,Smartphone,10,1197.96,11979.6
2024-11-06,East,Bob,Laptop,1,845.82,845.82
2024-11-03,East,Charlie,Smartphone,18,938.71,16896.78
2024-05-23,East,Fiona,Mouse,5,377.91,1889.5500000000002
2024-09-25,East,Fiona,Headphones,15,1278.03,19170.45
2024-05-03,South,Charlie,Headphones,17,671.51,11415.67
2024-04-15,West,Diana,Mouse,3,254.39,763.17
2024-06-06,North,Diana,Keyboard,12,1013.07,12156.84
2024-05-26,South,Ethan,Monitor,2,363.33,726.66
2024-05-24,North,Fiona,Monitor,1,191.47,191.47
2024-04-29,West,Ethan,Keyboard,17,1299.88,22097.960000000003
2024-11-14,East,Fiona,Headphones,16,717.24,11475.84
2024-10-01,West,Bob,Headphones,5,1136.46,5682.3
2024-04-01,South,Bob,Headphones,15,471.35,7070.25
2024-02-27,East,Alice,Smartphone,3,1191.11,3573.33
2024-12-11,South,Ethan,Headphones,7,212.31,1486.17
2024-08-16,East,Charlie,Tablet,11,566.16,6227.759999999999
2024-04-26,North,Ethan,Laptop,10,1468.19,14681.900000000001
2024-11-13,North,Charlie,Headphones,9,1201.29,10811.61
2024-10-05,North,Diana,Keyboard,14,771.02,10794.279999999999
2024-05-06,West,Ethan,Laptop,13,542.68,7054.839999999999
2024-05-08,South,Diana,Smartphone,2,1314.6,2629.2
2024-02-27,West,Bob,Keyboard,3,840.03,2520.09
2024-05-01,North,Bob,Laptop,7,1149.72,8048.04
2024-01-01,South,Alice,Keyboard,18,1143.46,20582.28
2024-08-26,North,Ethan,Smartphone,3,76.02,228.06
2024-10-16,West,Diana,Tablet,10,233.07,2330.7
2024-04-05,West,Charlie,Smartphone,7,1006.46,7045.22
2024-05-05,West,Bob,Smartphone,9,284.35,2559.15
2024-04-27,North,Bob,Keyboard,17,420.47,7147.990000000001
2024-02-17,South,Charlie,Mouse,11,1422.63,15648.93
2024-03-29,South,Diana,Monitor,7,862.26,6035.82
2024-08-24,North,Diana,Headphones,14,1138.56,15939.84
2024-09-28,South,Ethan,Headphones,19,859.07,16322.330000000002
2024-07-07,North,Ethan,Tablet,4,851.14,3404.56
2024-07-10,South,Fiona,Tablet,6,186.52,1119.1200000000001
2024-03-09,East,Fiona,Headphones,10,548.31,5483.099999999999
2024-10-04,East,Alice,Monitor,7,459.52,3216.64
2024-12-14,West,Bob,Headphones,13,616.56,8015.279999999999
2024-09-03,East,Ethan,Mouse,14,1207.6,16906.399999999998
2024-03-16,East,Diana,Monitor,4,589.3,2357.2
2024-06-02,East,Charlie,Tablet,8,704.96,5639.68
2024-05-23,North,Diana,Laptop,5,626.2,3131.0
2024-03-26,East,Bob,Keyboard,1,185.44,185.44
2024-07-03,East,Fiona,Mouse,4,689.55,2758.2
2024-10-11,West,Diana,Mouse,3,333.63,1000.89
2024-08-07,East,Alice,Tablet,9,320.75,2886.75
2024-03-09,East,Bob,Tablet,8,186.35,1490.8
2024-02-16,South,Fiona,Smartphone,1,567.17,567.17
2024-04-03,West,Charlie,Mouse,6,1148.35,6890.099999999999
2024-08-25,West,Fiona,Smartphone,9,450.84,4057.56
2024-07-22,West,Alice,Smartphone,7,502.91,3520.3700000000003
2024-08-05,West,Bob,Keyboard,4,981.88,3927.52
2024-12-06,West,Charlie,Smartphone,13,333.97,4341.610000000001
2024-02-08,West,Alice,Monitor,17,1350.59,22960.03
2024-04-09,North,Fiona,Headphones,2,804.28,1608.56
2024-10-15,East,Alice,Laptop,5,699.02,3495.1
2024-09-10,West,Bob,Tablet,12,858.84,10306.08
2024-08-09,East,Ethan,Monitor,8,290.75,2326.0
2024-12-22,East,Alice,Laptop,6,939.54,5637.24
2024-01-23,North,Alice,Mouse,8,576.5,4612.0
2024-09-06,West,Fiona,Mouse,18,1350.92,24316.56
2024-01-10,South,Fiona,Mouse,3,294.84,884.52
2024-09-02,North,Charlie,Monitor,12,785.22,9422.64
2024-11-20,South,Fiona,Monitor,3,917.26,2751.7799999999997
2024-04-09,East,Diana,Tablet,6,98.41,590.46
2024-10-16,East,Bob,Headphones,2,577.36,1154.72
2024-06-28,North,Bob,Smartphone,12,1112.32,13347.84
2024-08-10,North,Ethan,Mouse,2,1239.55,2479.1
2024-09-06,South,Ethan,Keyboard,6,504.08,3024.48
2024-05-26,West,Bob,Headphones,17,1207.96,20535.32
2024-04-05,South,Ethan,Keyboard,3,1453.25,4359.75
2024-09-13,North,Charlie,Tablet,2,1292.47,2584.94
2024-11-20,South,Fiona,Tablet,8,220.58,1764.64
2024-01-04,North,Bob,Tablet,12,1122.61,13471.32
2024-01-16,South,Ethan,Laptop,4,513.52,2054.08
2024-10-06,North,Bob,Keyboard,5,1483.2,7416.0
2024-12-01,North,Diana,Headphones,13,753.77,9799.01
